{"effects":{"collectable_weather-fx":{"meta":{"normals":true},"parameters":{"diffuse":"file12","reflectivity":0.5,"shininess":0},"type":"blinn"}},"geometries":{"collectable_box0Shape1":{"inputs":{"NORMAL":{"offset":2,"source":"collectable_box0Shape1-normals"},"POSITION":{"offset":0,"source":"collectable_box0Shape1-positions"},"TEXCOORD0":{"offset":1,"source":"collectable_box0Shape1-map1"}},"meta":{"graphics":true},"sources":{"collectable_box0Shape1-map1":{"data":[0.442102,0.596817,0.442102,0.716722,0.560862,0.716722,0.560862,0.596817,0.442102,0.716722,0.442102,0.596817],"max":[0.560862,0.716722],"min":[0.442102,0.596817],"stride":2},"collectable_box0Shape1-normals":{"data":[0,0,1,0,0,1,0,1,0,0,0,-1,0,0,-1,0,-1,0,1,0,0,1,0,0,-1,0,0,-1,0,0],"max":[1,1,1],"min":[-1,-1,-1],"stride":3},"collectable_box0Shape1-positions":{"data":[-0.570365,-3.99256,0.570365,0.570365,-3.99256,0.570365,0.570365,-2.92464,0.570365,-0.570365,-2.92464,0.570365,-0.570365,0.570365,0.570365,0.570365,0.570365,0.570365,0.570365,0.570365,-0.570365,-0.570365,0.570365,-0.570365,-0.570365,-2.92464,-0.570365,0.570365,-2.92464,-0.570365,0.570365,-3.99256,-0.570365,-0.570365,-3.99256,-0.570365,-0.570365,-1.86846,-0.570365,-0.570365,-1.86846,0.570365,-0.570365,-0.747105,0.570365,-0.570365,-0.747105,-0.570365,0.570365,-0.747105,-0.570365,0.570365,-1.86846,-0.570365,0.570365,-1.86846,0.570365,0.570365,-0.747105,0.570365],"max":[0.570365,0.570365,0.570365],"min":[-0.570365,-3.99256,-0.570365],"stride":3}},"surfaces":{"collectable_weatherSG":{"numPrimitives":36,"triangles":[4,3,2,5,2,2,6,4,2,4,3,2,6,4,2,7,5,2,7,4,3,6,5,3,16,3,4,7,4,3,16,3,4,15,2,4,15,2,4,16,3,4,17,5,4,15,2,4,17,5,4,12,4,4,12,4,4,17,5,4,9,3,3,12,4,4,9,3,3,8,2,3,8,2,3,9,3,3,10,5,4,8,2,3,10,5,4,11,4,4,0,0,0,1,1,0,2,2,1,0,0,0,2,2,1,3,3,1,3,3,1,2,2,1,18,4,0,3,3,1,18,4,0,13,5,0,1,0,6,10,1,6,9,2,7,1,0,6,9,2,7,2,3,7,2,3,7,9,2,7,17,4,6,2,3,7,17,4,6,18,5,6,11,0,8,0,1,8,3,2,9,11,0,8,3,2,9,8,3,9,8,3,9,3,2,9,13,4,8,8,3,9,13,4,8,12,5,8,12,0,8,13,1,8,14,2,8,12,0,8,14,2,8,15,3,8,15,3,8,14,2,8,4,4,9,15,3,8,4,4,9,7,5,9,18,0,6,17,1,6,16,2,6,18,0,6,16,2,6,19,3,6,19,3,6,16,2,6,6,4,7,19,3,6,6,4,7,5,5,7,13,0,0,18,1,0,19,2,0,13,0,0,19,2,0,14,3,0,14,3,0,19,2,0,5,4,1,14,3,0,5,4,1,4,5,1,11,0,5,10,1,5,1,2,5,11,0,5,1,2,5,0,3,5]}}}},"images":{"file12":"textures/collectable_weather.dds"},"materials":{"collectable_weather":{"effect":"collectable_weather-fx"}},"nodes":{"collectable_box01":{"geometryinstances":{"collectable_box0Shape1":{"geometry":"collectable_box0Shape1","material":"collectable_weather","surface":"collectable_weatherSG"}}}},"version":1}
