{"effects":{"cube_default_1":{"meta":{"normals":true},"parameters":{"diffuse":"file1","reflectivity":0.5,"shininess":6.31179},"type":"phong"}},"geometries":{"cubeblack_midMesh":{"inputs":{"NORMAL":{"offset":2,"source":"cubeblack_mid-Normal0"},"POSITION":{"offset":0,"source":"cubeblack_mid-POSITION"},"TEXCOORD0":{"offset":1,"source":"cubeblack_mid-UV0"}},"meta":{"graphics":true},"sources":{"cubeblack_mid-Normal0":{"data":[0,0,1,0,1,0,0,0,-1,0,-1,0,1,0,0,-1,0,0],"max":[1,1,1],"min":[-1,-1,-1],"stride":3},"cubeblack_mid-POSITION":{"data":[-50,50,50,-50,-50,50,50,50,50,50,-50,50,50,50,-50,-50,50,-50,-50,-50,-50,50,-50,-50],"max":[50,50,50],"min":[-50,-50,-50],"stride":3},"cubeblack_mid-UV0":{"data":[0.85005,0.705425,0.85005,0.734085,0.87871,0.705425,0.87871,0.734085,0.908009,0.705425,0.879348,0.734085,0.908009,0.734085,0.879348,0.705425,0.903613,0.676435,0.903613,0.705095,0.932274,0.676435,0.932274,0.705095,0.874447,0.676435,0.874447,0.705095,0.903107,0.676435,0.903107,0.705095,0.85005,0.676106,0.87871,0.647445,0.85005,0.647445,0.87871,0.676106,0.879348,0.676106,0.908009,0.676106,0.908009,0.647445,0.879348,0.647445],"max":[0.932274,0.734085],"min":[0.85005,0.647445],"stride":2}},"surfaces":{"cube_default_1":{"numPrimitives":12,"triangles":[0,0,0,1,1,0,2,2,0,1,1,0,3,3,0,2,2,0,7,19,4,4,17,4,3,16,4,3,16,4,4,17,4,2,18,4,1,12,3,6,13,3,3,14,3,6,13,3,7,15,3,3,14,3,6,8,2,5,9,2,7,10,2,5,9,2,4,11,2,7,10,2,4,4,1,5,7,1,0,5,1,4,4,1,0,5,1,2,6,1,6,20,5,1,21,5,0,22,5,0,22,5,5,23,5,6,20,5]}}}},"images":{"file1":"textures/colorswatches.dds"},"materials":{"cube_default_1":{"effect":"cube_default_1"}},"nodes":{"cubeblack_mid":{"geometryinstances":{"cubeblack_midMesh":{"geometry":"cubeblack_midMesh","material":"cube_default_1","surface":"cube_default_1"}},"matrix":[0.01,0,0,0,0.01,0,0,0,0.01,0,0,0]}},"version":1}
