{"effects":{"cube_default_1":{"meta":{"normals":true},"parameters":{"diffuse":"file1","reflectivity":0.5,"shininess":6.31179},"type":"phong"}},"geometries":{"cube07_midMesh":{"inputs":{"NORMAL":{"offset":2,"source":"cube07_mid-Normal0"},"POSITION":{"offset":0,"source":"cube07_mid-POSITION"},"TEXCOORD0":{"offset":1,"source":"cube07_mid-UV0"}},"meta":{"graphics":true},"sources":{"cube07_mid-Normal0":{"data":[0,0,1,0,1,0,0,0,-1,0,-1,0,1,0,0,-1,0,0],"max":[1,1,1],"min":[-1,-1,-1],"stride":3},"cube07_mid-POSITION":{"data":[-50,50,50,-50,-50,50,50,50,50,50,-50,50,50,50,-50,-50,50,-50,-50,-50,-50,50,-50,-50],"max":[50,50,50],"min":[-50,-50,-50],"stride":3},"cube07_mid-UV0":{"data":[0.585033,0.745897,0.585033,0.774557,0.613694,0.745897,0.613694,0.774557,0.642992,0.745897,0.614332,0.774557,0.642992,0.774557,0.614332,0.745897,0.638597,0.716907,0.638597,0.745567,0.667258,0.716907,0.667258,0.745567,0.60943,0.716907,0.60943,0.745567,0.638091,0.716907,0.638091,0.745567,0.585033,0.716577,0.613694,0.687917,0.585033,0.687917,0.613694,0.716577,0.614332,0.716577,0.642992,0.716577,0.642992,0.687917,0.614332,0.687917],"max":[0.667258,0.774557],"min":[0.585033,0.687917],"stride":2}},"surfaces":{"cube_default_1":{"numPrimitives":12,"triangles":[0,0,0,1,1,0,2,2,0,1,1,0,3,3,0,2,2,0,7,19,4,4,17,4,3,16,4,3,16,4,4,17,4,2,18,4,1,12,3,6,13,3,3,14,3,6,13,3,7,15,3,3,14,3,6,8,2,5,9,2,7,10,2,5,9,2,4,11,2,7,10,2,4,4,1,5,7,1,0,5,1,4,4,1,0,5,1,2,6,1,6,20,5,1,21,5,0,22,5,0,22,5,5,23,5,6,20,5]}}}},"images":{"file1":"textures/colorswatches.dds"},"materials":{"cube_default_1":{"effect":"cube_default_1"}},"nodes":{"cube07_mid":{"geometryinstances":{"cube07_midMesh":{"geometry":"cube07_midMesh","material":"cube_default_1","surface":"cube_default_1"}},"matrix":[0.01,0,0,0,0.01,0,0,0,0.01,0,0,0]}},"version":1}
