{"effects":{"cube_default_1":{"meta":{"normals":true},"parameters":{"diffuse":"file1","reflectivity":0.5,"shininess":6.31179},"type":"phong"}},"geometries":{"cube01_lowMesh":{"inputs":{"NORMAL":{"offset":2,"source":"cube01_low-Normal0"},"POSITION":{"offset":0,"source":"cube01_low-POSITION"},"TEXCOORD0":{"offset":1,"source":"cube01_low-UV0"}},"meta":{"graphics":true},"sources":{"cube01_low-Normal0":{"data":[0,0,1,0,1,0,0,0,-1,0,-1,0,1,0,0,-1,0,0],"max":[1,1,1],"min":[-1,-1,-1],"stride":3},"cube01_low-POSITION":{"data":[-50,0,50,50,100,50,-50,100,50,50,0,50,-50,100,-50,50,100,-50,-50,0,-50,50,0,-50],"max":[50,100,50],"min":[-50,0,-50],"stride":3},"cube01_low-UV0":{"data":[0.080861,0.312083,0.109521,0.283423,0.080861,0.283423,0.109521,0.312083,0.110159,0.283423,0.110159,0.312083,0.13882,0.312083,0.13882,0.283423,0.134424,0.254433,0.163085,0.283093,0.163085,0.254433,0.134424,0.283093,0.105258,0.254433,0.133918,0.283093,0.133918,0.254433,0.105258,0.283093,0.109521,0.225443,0.080861,0.225443,0.080861,0.254103,0.109521,0.254103,0.110159,0.225443,0.13882,0.254103,0.13882,0.225443,0.110159,0.254103],"max":[0.163085,0.312083],"min":[0.080861,0.225443],"stride":2}},"surfaces":{"cube_default_1":{"numPrimitives":12,"triangles":[0,0,0,3,3,0,1,1,0,0,0,0,1,1,0,2,2,0,6,15,3,7,13,3,0,12,3,0,12,3,7,13,3,3,14,3,4,11,2,5,9,2,6,8,2,6,8,2,5,9,2,7,10,2,4,4,1,2,5,1,1,6,1,1,6,1,5,7,1,4,4,1,5,16,4,1,17,4,3,18,4,3,18,4,7,19,4,5,16,4,4,20,5,6,23,5,0,21,5,4,20,5,0,21,5,2,22,5]}}}},"images":{"file1":"textures/colorswatches.dds"},"materials":{"cube_default_1":{"effect":"cube_default_1"}},"nodes":{"cube01_low":{"geometryinstances":{"cube01_lowMesh":{"geometry":"cube01_lowMesh","material":"cube_default_1","surface":"cube_default_1"}},"matrix":[0.01,0,0,0,0.01,0,0,0,0.01,0,0,0]}},"version":1}
