{"effects":{"ghosts_blend_alpha_noshadows":{"meta":{"transparent":true},"parameters":{"diffuse":"temp1_file3","reflectivity":0.5,"shininess":6.31179},"type":"blend"}},"geometries":{"ghost_blue_lowMesh":{"inputs":{"NORMAL":{"offset":2,"source":"ghost_blue_low-Normal0"},"POSITION":{"offset":0,"source":"ghost_blue_low-POSITION"},"TEXCOORD0":{"offset":1,"source":"ghost_blue_low-UV0"}},"meta":{"graphics":true},"sources":{"ghost_blue_low-Normal0":{"data":[0,0,1,0,1,0,0,0,-1,0,-1,0,1,0,0,-1,0,0],"max":[1,1,1],"min":[-1,-1,-1],"stride":3},"ghost_blue_low-POSITION":{"data":[-50,0,50,50,100,50,-50,100,50,50,0,50,-50,100,-50,50,100,-50,-50,0,-50,50,0,-50],"max":[50,100,50],"min":[-50,0,-50],"stride":3},"ghost_blue_low-UV0":{"data":[0.09103,0.940113,0.219573,0.81157,0.09103,0.81157,0.219573,0.940113,0.222435,0.81157,0.222435,0.940113,0.350978,0.940113,0.350978,0.81157,0.331265,0.681549,0.459808,0.810092,0.459808,0.681549,0.331265,0.810092,0.20045,0.681549,0.328993,0.810092,0.328993,0.681549,0.20045,0.810092,0.219573,0.551528,0.09103,0.551528,0.09103,0.680071,0.219573,0.680071,0.222435,0.551528,0.350978,0.680071,0.350978,0.551528,0.222435,0.680071],"max":[0.459808,0.940113],"min":[0.09103,0.551528],"stride":2}},"surfaces":{"ghosts_blend_alpha_noshadows":{"numPrimitives":12,"triangles":[0,0,0,3,3,0,1,1,0,0,0,0,1,1,0,2,2,0,6,15,3,7,13,3,0,12,3,0,12,3,7,13,3,3,14,3,4,11,2,5,9,2,6,8,2,6,8,2,5,9,2,7,10,2,4,4,1,2,5,1,1,6,1,1,6,1,5,7,1,4,4,1,5,16,4,1,17,4,3,18,4,3,18,4,7,19,4,5,16,4,4,20,5,6,23,5,0,21,5,4,20,5,0,21,5,2,22,5]}}}},"images":{"temp1_file3":"textures/ghost_colorswatches.dds"},"materials":{"ghosts_blend_alpha_noshadows":{"effect":"ghosts_blend_alpha_noshadows"}},"nodes":{"ghost_blue_low":{"geometryinstances":{"ghost_blue_lowMesh":{"geometry":"ghost_blue_lowMesh","material":"ghosts_blend_alpha_noshadows","surface":"ghosts_blend_alpha_noshadows"}},"matrix":[0.01,0,0,0,0.01,0,0,0,0.01,0,0,0]}},"version":1}
