{"effects":{"ghosts_blend_alpha_noshadows":{"meta":{"transparent":true},"parameters":{"diffuse":"temp1_file3","reflectivity":0.5,"shininess":6.31179},"type":"blend"}},"geometries":{"ghost_blue_midMesh":{"inputs":{"NORMAL":{"offset":2,"source":"ghost_blue_mid-Normal0"},"POSITION":{"offset":0,"source":"ghost_blue_mid-POSITION"},"TEXCOORD0":{"offset":1,"source":"ghost_blue_mid-UV0"}},"meta":{"graphics":true},"sources":{"ghost_blue_mid-Normal0":{"data":[0,0,1,0,1,0,0,0,-1,0,-1,0,1,0,0,-1,0,0],"max":[1,1,1],"min":[-1,-1,-1],"stride":3},"ghost_blue_mid-POSITION":{"data":[-50,50,50,-50,-50,50,50,50,50,50,-50,50,50,50,-50,-50,50,-50,-50,-50,-50,50,-50,-50],"max":[50,50,50],"min":[-50,-50,-50],"stride":3},"ghost_blue_mid-UV0":{"data":[0.092482,0.801532,0.092482,0.922257,0.213206,0.801532,0.213206,0.922257,0.336619,0.801532,0.215894,0.922257,0.336619,0.922257,0.215894,0.801532,0.318105,0.679419,0.318105,0.800144,0.43883,0.679419,0.43883,0.800144,0.195247,0.679419,0.195247,0.800144,0.315972,0.679419,0.315972,0.800144,0.092482,0.678032,0.213206,0.557307,0.092482,0.557307,0.213206,0.678032,0.215894,0.678032,0.336619,0.678032,0.336619,0.557307,0.215894,0.557307],"max":[0.43883,0.922257],"min":[0.092482,0.557307],"stride":2}},"surfaces":{"ghosts_blend_alpha_noshadows":{"numPrimitives":12,"triangles":[0,0,0,1,1,0,2,2,0,1,1,0,3,3,0,2,2,0,7,19,4,4,17,4,3,16,4,3,16,4,4,17,4,2,18,4,1,12,3,6,13,3,3,14,3,6,13,3,7,15,3,3,14,3,6,8,2,5,9,2,7,10,2,5,9,2,4,11,2,7,10,2,4,4,1,5,7,1,0,5,1,4,4,1,0,5,1,2,6,1,6,20,5,1,21,5,0,22,5,0,22,5,5,23,5,6,20,5]}}}},"images":{"temp1_file3":"textures/ghost_colorswatches.dds"},"materials":{"ghosts_blend_alpha_noshadows":{"effect":"ghosts_blend_alpha_noshadows"}},"nodes":{"ghost_blue_mid":{"geometryinstances":{"ghost_blue_midMesh":{"geometry":"ghost_blue_midMesh","material":"ghosts_blend_alpha_noshadows","surface":"ghosts_blend_alpha_noshadows"}},"matrix":[0.01,0,0,0,0.01,0,0,0,0.01,0,0,0]}},"version":1}
