{"effects":{"hooptransparentwhite":{"meta":{"transparent":true},"parameters":{"diffuse":"white","materialColor":[0.8,0.790588,0.8,0.5],"reflectivity":0.5,"shininess":300},"type":"blend"}},"geometries":{"hoop_03Mesh":{"inputs":{"NORMAL":{"offset":2,"source":"hoop_03-Normal0"},"POSITION":{"offset":0,"source":"hoop_03-POSITION"},"TEXCOORD0":{"offset":1,"source":"hoop_03-UV0"}},"meta":{"graphics":true},"sources":{"hoop_03-Normal0":{"data":[-1,-1e-06,0,-0.986737,-0.162329,0,-0.945442,-0.32579,0,-0.871644,-0.49014,0,-0.758345,-0.651853,0,-0.597929,-0.801549,-1e-06,-0.387086,-0.922044,-1e-06,-0.134565,-0.990905,0,0.134565,-0.990905,0,0.387085,-0.922044,0,0.597928,-0.80155,0,0.758345,-0.651853,0,0.871643,-0.49014,0,0.945442,-0.32579,0,0.986737,-0.162329,0,1,-1e-06,0,0.986737,0.162329,0,0.945442,0.325791,0,0.871644,0.49014,0,0.758345,0.651853,0,0.597929,0.801549,0,0.387086,0.922044,0,0.134565,0.990905,0,-0.134565,0.990905,0,-0.387086,0.922044,0,-0.597929,0.801549,0,-0.758345,0.651853,0,-0.871643,0.490141,0,-0.945442,0.32579,0,-0.986737,0.162327,0,0,0,1,1,1e-06,0,0.871643,0.49014,0,-0.597928,0.80155,0,-0.871644,0.49014,0,-0.945442,0.325791,0,-0.986737,0.162329,0,-1,0,0,-0.945442,-0.325791,0,-0.597928,-0.80155,0,-0.387086,-0.922044,0,0.387086,-0.922044,0,0.945442,-0.325791,0,0.986737,-0.162328,0,0,0,-1],"max":[1,0.990905,1],"min":[-1,-0.990905,-1],"stride":3},"hoop_03-POSITION":{"data":[1615.73,8.4e-05,-179.526,1615.73,9.5e-05,179.526,1580.42,434.038,179.526,1580.42,434.038,-179.526,1476.04,849.106,179.526,1476.04,849.106,-179.526,1307.15,1227.06,179.526,1307.15,1227.06,-179.526,1081.14,1551.39,179.526,1081.14,1551.39,-179.526,807.866,1807.92,179.526,807.866,1807.92,-179.526,499.289,1985.43,179.526,499.289,1985.43,-179.526,168.89,2076.17,179.526,168.89,2076.17,-179.526,-168.89,2076.17,179.526,-168.89,2076.17,-179.526,-499.289,1985.43,179.526,-499.289,1985.43,-179.526,-807.866,1807.92,179.526,-807.866,1807.92,-179.526,-1081.14,1551.4,179.526,-1081.14,1551.4,-179.526,-1307.15,1227.07,179.526,-1307.15,1227.07,-179.526,-1476.04,849.107,179.526,-1476.04,849.107,-179.526,-1580.42,434.038,179.526,-1580.42,434.038,-179.526,-1615.73,9.5e-05,179.526,-1615.73,8.4e-05,-179.526,-1580.42,-434.038,179.526,-1580.42,-434.038,-179.526,-1476.04,-849.107,179.526,-1476.04,-849.106,-179.526,-1307.15,-1227.07,179.526,-1307.15,-1227.07,-179.526,-1081.14,-1551.4,179.526,-1081.14,-1551.4,-179.526,-807.866,-1807.92,179.526,-807.866,-1807.92,-179.526,-499.289,-1985.43,179.526,-499.289,-1985.43,-179.526,-168.89,-2076.17,179.526,-168.89,-2076.17,-179.526,168.89,-2076.17,179.526,168.89,-2076.17,-179.526,499.289,-1985.43,179.526,499.289,-1985.43,-179.526,807.866,-1807.92,179.526,807.866,-1807.92,-179.526,1081.14,-1551.4,179.526,1081.14,-1551.4,-179.526,1307.16,-1227.07,179.526,1307.16,-1227.07,-179.526,1476.05,-849.107,179.526,1476.05,-849.106,-179.526,1580.43,-434.038,179.526,1580.43,-434.038,-179.526,1756.03,482.264,179.526,1795.26,9.5e-05,179.526,1640.05,943.451,179.526,1452.39,1363.41,179.526,1201.26,1723.77,179.526,897.629,2008.8,179.526,554.765,2206.04,179.526,187.656,2306.86,179.526,-187.656,2306.86,179.526,-554.765,2206.04,179.526,-897.629,2008.8,179.526,-1201.26,1723.77,179.526,-1452.39,1363.41,179.526,-1640.05,943.451,179.526,-1756.03,482.264,179.526,-1795.26,-0.000191,179.526,-1756.03,-482.265,179.526,-1640.05,-943.452,179.526,-1452.39,-1363.41,179.526,-1201.26,-1723.77,179.526,-897.629,-2008.8,179.526,-554.765,-2206.04,179.526,-187.655,-2306.86,179.526,187.656,-2306.86,179.526,554.766,-2206.04,179.526,897.629,-2008.8,179.526,1201.26,-1723.77,179.526,1452.39,-1363.41,179.526,1640.05,-943.452,179.526,1756.03,-482.264,179.526,1756.03,482.264,-179.526,1795.26,8.4e-05,-179.526,1640.05,943.451,-179.526,1452.39,1363.41,-179.526,1201.26,1723.77,-179.526,897.629,2008.8,-179.526,554.765,2206.04,-179.526,187.656,2306.86,-179.526,-187.656,2306.86,-179.526,-554.765,2206.04,-179.526,-897.629,2008.8,-179.526,-1201.26,1723.77,-179.526,-1452.39,1363.41,-179.526,-1640.05,943.451,-179.526,-1756.03,482.264,-179.526,-1795.26,-0.000191,-179.526,-1756.03,-482.265,-179.526,-1640.05,-943.452,-179.526,-1452.39,-1363.41,-179.526,-1201.26,-1723.77,-179.526,-897.629,-2008.8,-179.526,-554.765,-2206.04,-179.526,-187.655,-2306.86,-179.526,187.656,-2306.86,-179.526,554.766,-2206.04,-179.526,897.629,-2008.8,-179.526,1201.26,-1723.77,-179.526,1452.39,-1363.41,-179.526,1640.05,-943.452,-179.526,1756.03,-482.264,-179.526],"max":[1795.26,2306.86,179.526],"min":[-1795.26,-2306.86,-179.526],"stride":3},"hoop_03-UV0":{"data":[0,0,0,0.25,0.033333,0.25,0.033333,0,0.066667,0.25,0.066667,0,0.1,0.25,0.1,0,0.133333,0.25,0.133333,0,0.166667,0.25,0.166667,0,0.2,0.25,0.2,0,0.233333,0.25,0.233333,0,0.266667,0.25,0.266667,0,0.3,0.25,0.3,0,0.333333,0.25,0.333333,0,0.366667,0.25,0.366667,0,0.4,0.25,0.4,0,0.433333,0.25,0.433333,0,0.466667,0.25,0.466667,0,0.5,0.25,0.5,0,0.533333,0.25,0.533333,0,0.566667,0.25,0.566667,0,0.6,0.25,0.6,0,0.633333,0.25,0.633333,0,0.666667,0.25,0.666667,0,0.7,0.25,0.7,0,0.733334,0.25,0.733334,0,0.766667,0.25,0.766667,0,0.8,0.25,0.8,0,0.833334,0.25,0.833334,0,0.866667,0.25,0.866667,0,0.9,0.25,0.9,0,0.933334,0.25,0.933334,0,0.966667,0.25,0.966667,0,1,0.25,1,0,0.033333,0.5,0,0.5,0.066667,0.5,0.1,0.5,0.133333,0.5,0.166667,0.5,0.2,0.5,0.233333,0.5,0.266667,0.5,0.3,0.5,0.333333,0.5,0.366667,0.5,0.4,0.5,0.433333,0.5,0.466667,0.5,0.5,0.5,0.533333,0.5,0.566667,0.5,0.6,0.5,0.633333,0.5,0.666667,0.5,0.7,0.5,0.733334,0.5,0.766667,0.5,0.8,0.5,0.833334,0.5,0.866667,0.5,0.9,0.5,0.933334,0.5,0.966667,0.5,1,0.5,0.033333,0.75,0,0.75,0.066667,0.75,0.1,0.75,0.133333,0.75,0.166667,0.75,0.2,0.75,0.233333,0.75,0.266667,0.75,0.3,0.75,0.333333,0.75,0.366667,0.75,0.4,0.75,0.433333,0.75,0.466667,0.75,0.5,0.75,0.533333,0.75,0.566667,0.75,0.6,0.75,0.633333,0.75,0.666667,0.75,0.7,0.75,0.733334,0.75,0.766667,0.75,0.8,0.75,0.833334,0.75,0.866667,0.75,0.9,0.75,0.933334,0.75,0.966667,0.75,1,0.75,0.033333,1,0,1,0.066667,1,0.1,1,0.133333,1,0.166667,1,0.2,1,0.233333,1,0.266667,1,0.3,1,0.333333,1,0.366667,1,0.4,1,0.433333,1,0.466667,1,0.5,1,0.533333,1,0.566667,1,0.6,1,0.633333,1,0.666667,1,0.7,1,0.733334,1,0.766667,1,0.8,1,0.833334,1,0.866667,1,0.9,1,0.933334,1,0.966667,1,1,1],"max":[1,1],"min":[0,0],"stride":2}},"surfaces":{"hooptransparentwhite":{"numPrimitives":240,