{"effects":{"hoopsolidyellow":{"meta":{"normals":true},"parameters":{"materialColor":[0.796863,0.787451,0.699608,1],"reflectivity":0.5,"shininess":300},"type":"constant"}},"geometries":{"hoop_01Mesh":{"inputs":{"NORMAL":{"offset":2,"source":"hoop_01-Normal0"},"POSITION":{"offset":0,"source":"hoop_01-POSITION"},"TEXCOORD0":{"offset":1,"source":"hoop_01-UV0"}},"meta":{"graphics":true},"sources":{"hoop_01-Normal0":{"data":[-0.978148,-0.207911,0,-1,-2e-06,0,-0.913546,-0.406736,0,-0.809017,-0.587785,0,-0.669131,-0.743145,0,-0.5,-0.866025,0,-0.309017,-0.951056,0,-0.104529,-0.994522,0,0.104528,-0.994522,0,0.309017,-0.951056,0,0.309017,-0.951057,0,0.5,-0.866025,0,0.669131,-0.743145,0,0.809017,-0.587785,0,0.913546,-0.406736,0,0.978148,-0.207912,0,1,-1e-06,0,0.978148,0.207912,0,0.913545,0.406737,0,0.809017,0.587785,0,0.669131,0.743145,0,0.5,0.866025,0,0.5,0.866026,0,0.309017,0.951057,0,0.104529,0.994522,-1e-06,0.104528,0.994522,-1e-06,-0.104529,0.994522,-1e-06,-0.104528,0.994522,-1e-06,-0.309017,0.951057,0,-0.5,0.866026,0,-0.5,0.866025,0,-0.669131,0.743145,0,-0.809017,0.587785,0,-0.913545,0.406737,0,-0.978148,0.20791,0,0,0,1,1,2e-06,0,0.978148,0.207911,0,0.104528,0.994522,0,-0.104528,0.994522,0,-0.978148,0.207912,0,-1,0,0,-0.978148,-0.207912,0,-0.913545,-0.406737,0,-0.309017,-0.951057,0,0.104529,-0.994522,0,0.913545,-0.406737,0,0.978148,-0.20791,0,0,0,-1],"max":[1,0.994522,1],"min":[-1,-0.994522,-1],"stride":3},"hoop_01-POSITION":{"data":[1580.42,335.929,179.526,1580.42,335.929,-179.526,1615.73,0,179.526,1615.73,0,-179.526,1476.04,657.177,179.526,1476.04,657.177,-179.526,1307.15,949.703,179.526,1307.15,949.703,-179.526,1081.14,1200.72,179.526,1081.14,1200.72,-179.526,807.866,1399.26,179.526,807.866,1399.26,-179.526,499.289,1536.65,179.526,499.289,1536.65,-179.526,168.89,1606.88,179.526,168.89,1606.88,-179.526,-168.89,1606.88,179.526,-168.89,1606.88,-179.526,-499.289,1536.65,179.526,-499.289,1536.65,-179.526,-807.866,1399.27,179.526,-807.866,1399.27,-179.526,-1081.14,1200.72,179.526,-1081.14,1200.72,-179.526,-1307.15,949.703,179.526,-1307.15,949.703,-179.526,-1476.04,657.177,179.526,-1476.04,657.177,-179.526,-1580.42,335.93,179.526,-1580.42,335.93,-179.526,-1615.73,0,179.526,-1615.73,0,-179.526,-1580.42,-335.93,179.526,-1580.42,-335.93,-179.526,-1476.04,-657.177,179.526,-1476.04,-657.177,-179.526,-1307.15,-949.704,179.526,-1307.15,-949.704,-179.526,-1081.14,-1200.72,179.526,-1081.14,-1200.72,-179.526,-807.866,-1399.27,179.526,-807.866,-1399.27,-179.526,-499.289,-1536.65,179.526,-499.289,-1536.65,-179.526,-168.89,-1606.88,179.526,-168.89,-1606.88,-179.526,168.89,-1606.88,179.526,168.89,-1606.88,-179.526,499.289,-1536.65,179.526,499.289,-1536.65,-179.526,807.866,-1399.27,179.526,807.866,-1399.27,-179.526,1081.14,-1200.72,179.526,1081.14,-1200.72,-179.526,1307.16,-949.704,179.526,1307.16,-949.704,-179.526,1476.05,-657.177,179.526,1476.05,-657.177,-179.526,1580.43,-335.929,179.526,1580.43,-335.929,-179.526,1756.03,373.255,179.526,1795.26,0,179.526,1640.05,730.197,179.526,1452.39,1055.23,179.526,1201.26,1334.14,179.526,897.629,1554.74,179.526,554.765,1707.39,179.526,187.656,1785.42,179.526,-187.656,1785.42,179.526,-554.765,1707.39,179.526,-897.629,1554.74,179.526,-1201.26,1334.14,179.526,-1452.39,1055.23,179.526,-1640.05,730.197,179.526,-1756.03,373.255,179.526,-1795.26,-0.000214,179.526,-1756.03,-373.255,179.526,-1640.05,-730.197,179.526,-1452.39,-1055.23,179.526,-1201.26,-1334.14,179.526,-897.629,-1554.74,179.526,-554.765,-1707.39,179.526,-187.655,-1785.42,179.526,187.656,-1785.42,179.526,554.766,-1707.39,179.526,897.629,-1554.74,179.526,1201.26,-1334.14,179.526,1452.39,-1055.23,179.526,1640.05,-730.197,179.526,1756.03,-373.255,179.526,1795.26,0,-179.526,1756.03,373.255,-179.526,1640.05,730.197,-179.526,1452.39,1055.23,-179.526,1201.26,1334.14,-179.526,897.629,1554.74,-179.526,554.765,1707.39,-179.526,187.656,1785.42,-179.526,-187.656,1785.42,-179.526,-554.765,1707.39,-179.526,-897.629,1554.74,-179.526,-1201.26,1334.14,-179.526,-1452.39,1055.23,-179.526,-1640.05,730.197,-179.526,-1756.03,373.255,-179.526,-1795.26,-0.000217,-179.526,-1756.03,-373.255,-179.526,-1640.05,-730.197,-179.526,-1452.39,-1055.23,-179.526,-1201.26,-1334.14,-179.526,-897.629,-1554.74,-179.526,-554.765,-1707.39,-179.526,-187.655,-1785.42,-179.526,187.656,-1785.42,-179.526,554.766,-1707.39,-179.526,897.629,-1554.74,-179.526,1201.26,-1334.14,-179.526,1452.39,-1055.23,-179.526,1640.05,-730.197,-179.526,1756.03,-373.255,-179.526],"max":[1795.26,1785.42,179.526],"min":[-1795.26,-1785.42,-179.526],"stride":3},"hoop_01-UV0":{"data":[0.033333,0.25,0.033333,0,0,0.25,0,0,0.066667,0.25,0.066667,0,0.1,0.25,0.1,0,0.133333,0.25,0.133333,0,0.166667,0.25,0.166667,0,0.2,0.25,0.2,0,0.233333,0.25,0.233333,0,0.266667,0.25,0.266667,0,0.3,0.25,0.3,0,0.333333,0.25,0.333333,0,0.366667,0.25,0.366667,0,0.4,0.25,0.4,0,0.433333,0.25,0.433333,0,0.466667,0.25,0.466667,0,0.5,0.25,0.5,0,0.533333,0.25,0.533333,0,0.566667,0.25,0.566667,0,0.6,0.25,0.6,0,0.633333,0.25,0.633333,0,0.666667,0.25,0.666667,0,0.7,0.25,0.7,0,0.733334,0.25,0.733334,0,0.766667,0.25,0.766667,0,0.8,0.25,0.8,0,0.833334,0.25,0.833334,0,0.866667,0.25,0.866667,0,0.9,0.25,0.9,0,0.933334,0.25,0.933334,0,0.966667,0.25,0.966667,0,1,0.25,1,0,0.033333,0.5,0,0.5,0.066667,0.5,0.1,0.5,0.133333,0.5,0.166667,0.5,0.2,0.5,0.233333,0.5,0.266667,0.5,0.3,0.5,0.333333,0.5,0.366667,0.5,0.4,0.5,0.433333,0.5,0.466667,0.5,0.5,0.5,0.533333,0.5,0.566667,0.5,0.6,0.5,0.633333,0.5,0.666667,0.5,0.7,0.5,0.733334,0.5,0.766667,0.5,0.8,0.5,0.833334,0.5,0.866667,0.5,0.9,0.5,0.933334,0.5,0.966667,0.5,1,0.5,0,0.75,0.033333,0.75,0.066667,0.75,0.1,0.75,0.133333,0.75,0.166667,0.75,0.2,0.75,0.233333,0.75,0.266667,0.75,0.3,0.75,0.333333,0.75,0.366667,0.75,0.4,0.75,0.433333,0.75,0.466667,0.75,0.5,0.75,0.533333,0.75,0.566667,0.75,0.6,0.75,0.633333,0.75,0.666667,0.75,0.7,0.75,0.733334,0.75,0.766667,0.75,0.8,0.75,0.833334,0.75,0.866667,0.75,0.9,0.75,0.933334,0.75,0.966667,0.75,1,0.75,0,1,0.033333,1,0.066667,1,0.1,1,0.133333,1,0.166667,1,0.2,1,0.233333,1,0.266667,1,0.3,1,0.333333,1,0.366667,1,0.4,1,0.433333,1,0.466667,1,0.5,1,0.533333,1,0.566667,1,0.6,1,0.633333,1,0.666667,1,0.7,1,0.733334,1,0.766667,1,0.8,1,0.833334,1,0.866667,1,0.9,1,0.933334,1,0.966667,1,1,1],"max":[1,1],"min":[0,0],"stride":2}},"surfaces":{"hoopsolidyellow":{"numPrimitives":240,