{"effects":{"hooptransparentyellow":{"meta":{"transparent":true},"parameters":{"diffuse":"white","materialColor":[0.796863,0.787451,0.313726,0.5],"reflectivity":0.5,"shininess":300},"type":"blend"}},"geometries":{"hoop_02Mesh":{"inputs":{"NORMAL":{"offset":2,"source":"hoop_02-Normal0"},"POSITION":{"offset":0,"source":"hoop_02-POSITION"},"TEXCOORD0":{"offset":1,"source":"hoop_02-UV0"}},"meta":{"graphics":true},"sources":{"hoop_02-Normal0":{"data":[-1,-2e-06,0,-0.982929,-0.183983,0,-0.931001,-0.365017,0,-0.842349,-0.538932,0,-0.714924,-0.699203,0,-0.548294,-0.836286,-1e-06,-0.346162,-0.938175,0,-0.118513,-0.992952,0,0.118513,-0.992953,0,0.346161,-0.938175,0,0.548294,-0.836286,0,0.714923,-0.699203,0,0.842349,-0.538932,0,0.931001,-0.365017,0,0.982929,-0.183983,0,1,-1e-06,0,0.98293,0.183983,0,0.982929,0.183983,0,0.931,0.365018,0,0.842349,0.538932,0,0.714923,0.699203,0,0.548294,0.836286,0,0.346162,0.938175,0,0.118513,0.992952,0,-0.118513,0.992952,0,-0.346162,0.938175,0,-0.548294,0.836286,0,-0.714923,0.699203,0,-0.842349,0.538933,0,-0.931001,0.365018,0,-0.98293,0.183981,0,0,0,1,1,2e-06,0,0.931001,0.365018,0,0.714924,0.699202,0,0.346161,0.938175,0,0.118514,0.992952,0,-0.118514,0.992952,0,-0.346161,0.938175,0,-0.548293,0.836286,0,-0.714924,0.699203,0,-0.842349,0.538932,0,-0.982929,0.183983,0,-1,0,0,-0.931,-0.365018,0,-0.548294,-0.836286,0,-0.118514,-0.992952,0,0.118514,-0.992952,0,0.346162,-0.938175,0,0.714924,-0.699203,0,0.842349,-0.538933,0,0.931001,-0.365018,0,0.931,-0.365018,0,0.98293,-0.183981,0,0,0,-1],"max":[1,0.992952,1],"min":[-1,-0.992953,-1],"stride":3},"hoop_02-POSITION":{"data":[1615.73,7.2e-05,-179.526,1615.73,8.4e-05,179.526,1580.42,381.476,179.526,1580.42,381.476,-179.526,1476.04,746.28,179.526,1476.04,746.28,-179.526,1307.15,1078.47,179.526,1307.15,1078.47,-179.526,1081.14,1363.52,179.526,1081.14,1363.52,-179.526,807.866,1588.98,179.526,807.866,1588.98,-179.526,499.289,1745,179.526,499.289,1745,-179.526,168.89,1824.75,179.526,168.89,1824.75,-179.526,-168.89,1824.75,179.526,-168.89,1824.75,-179.526,-499.289,1745,179.526,-499.289,1745,-179.526,-807.866,1588.98,179.526,-807.866,1588.98,-179.526,-1081.14,1363.52,179.526,-1081.14,1363.52,-179.526,-1307.15,1078.47,179.526,-1307.15,1078.47,-179.526,-1476.04,746.28,179.526,-1476.04,746.28,-179.526,-1580.42,381.476,179.526,-1580.42,381.476,-179.526,-1615.73,8.4e-05,179.526,-1615.73,7.2e-05,-179.526,-1580.42,-381.476,179.526,-1580.42,-381.476,-179.526,-1476.04,-746.28,179.526,-1476.04,-746.28,-179.526,-1307.15,-1078.47,179.526,-1307.15,-1078.47,-179.526,-1081.14,-1363.52,179.526,-1081.14,-1363.52,-179.526,-807.866,-1588.98,179.526,-807.866,-1588.98,-179.526,-499.289,-1745,179.526,-499.289,-1745,-179.526,-168.89,-1824.75,179.526,-168.89,-1824.75,-179.526,168.89,-1824.75,179.526,168.89,-1824.75,-179.526,499.289,-1745,179.526,499.289,-1745,-179.526,807.866,-1588.98,179.526,807.866,-1588.98,-179.526,1081.14,-1363.52,179.526,1081.14,-1363.52,-179.526,1307.16,-1078.47,179.526,1307.16,-1078.47,-179.526,1476.05,-746.28,179.526,1476.05,-746.28,-179.526,1580.43,-381.476,179.526,1580.43,-381.476,-179.526,1756.03,423.862,179.526,1795.26,8.4e-05,179.526,1640.05,829.2,179.526,1452.39,1198.3,179.526,1201.26,1515.02,179.526,897.629,1765.54,179.526,554.765,1938.89,179.526,187.656,2027.5,179.526,-187.656,2027.5,179.526,-554.765,1938.89,179.526,-897.629,1765.54,179.526,-1201.26,1515.02,179.526,-1452.39,1198.3,179.526,-1640.05,829.2,179.526,-1756.03,423.862,179.526,-1795.26,-0.000172,179.526,-1756.03,-423.862,179.526,-1640.05,-829.2,179.526,-1452.39,-1198.3,179.526,-1201.26,-1515.02,179.526,-897.629,-1765.54,179.526,-554.765,-1938.89,179.526,-187.655,-2027.5,179.526,187.656,-2027.5,179.526,554.766,-1938.89,179.526,897.629,-1765.54,179.526,1201.26,-1515.02,179.526,1452.39,-1198.3,179.526,1640.05,-829.2,179.526,1756.03,-423.862,179.526,1756.03,423.862,-179.526,1795.26,7.2e-05,-179.526,1640.05,829.2,-179.526,1452.39,1198.3,-179.526,1201.26,1515.02,-179.526,897.629,1765.54,-179.526,554.765,1938.89,-179.526,187.656,2027.5,-179.526,-187.656,2027.5,-179.526,-554.765,1938.89,-179.526,-897.629,1765.54,-179.526,-1201.26,1515.02,-179.526,-1452.39,1198.3,-179.526,-1640.05,829.2,-179.526,-1756.03,423.862,-179.526,-1795.26,-0.000172,-179.526,-1756.03,-423.862,-179.526,-1640.05,-829.2,-179.526,-1452.39,-1198.3,-179.526,-1201.26,-1515.02,-179.526,-897.629,-1765.54,-179.526,-554.765,-1938.89,-179.526,-187.655,-2027.5,-179.526,187.656,-2027.5,-179.526,554.766,-1938.89,-179.526,897.629,-1765.54,-179.526,1201.26,-1515.02,-179.526,1452.39,-1198.3,-179.526,1640.05,-829.2,-179.526,1756.03,-423.862,-179.526],"max":[1795.26,2027.5,179.526],"min":[-1795.26,-2027.5,-179.526],"stride":3},"hoop_02-UV0":{"data":[0,0,0,0.25,0.033333,0.25,0.033333,0,0.066667,0.25,0.066667,0,0.1,0.25,0.1,0,0.133333,0.25,0.133333,0,0.166667,0.25,0.166667,0,0.2,0.25,0.2,0,0.233333,0.25,0.233333,0,0.266667,0.25,0.266667,0,0.3,0.25,0.3,0,0.333333,0.25,0.333333,0,0.366667,0.25,0.366667,0,0.4,0.25,0.4,0,0.433333,0.25,0.433333,0,0.466667,0.25,0.466667,0,0.5,0.25,0.5,0,0.533333,0.25,0.533333,0,0.566667,0.25,0.566667,0,0.6,0.25,0.6,0,0.633333,0.25,0.633333,0,0.666667,0.25,0.666667,0,0.7,0.25,0.7,0,0.733334,0.25,0.733334,0,0.766667,0.25,0.766667,0,0.8,0.25,0.8,0,0.833334,0.25,0.833334,0,0.866667,0.25,0.866667,0,0.9,0.25,0.9,0,0.933334,0.25,0.933334,0,0.966667,0.25,0.966667,0,1,0.25,1,0,0.033333,0.5,0,0.5,0.066667,0.5,0.1,0.5,0.133333,0.5,0.166667,0.5,0.2,0.5,0.233333,0.5,0.266667,0.5,0.3,0.5,0.333333,0.5,0.366667,0.5,0.4,0.5,0.433333,0.5,0.466667,0.5,0.5,0.5,0.533333,0.5,0.566667,0.5,0.6,0.5,0.633333,0.5,0.666667,0.5,0.7,0.5,0.733334,0.5,0.766667,0.5,0.8,0.5,0.833334,0.5,0.866667,0.5,0.9,0.5,0.933334,0.5,0.966667,0.5,1,0.5,0.033333,0.75,0,0.75,0.066667,0.75,0.1,0.75,0.133333,0.75,0.166667,0.75,0.2,0.75,0.233333,0.75,0.266667,0.75,0.3,0.75,0.333333,0.75,0.366667,0.75,0.4,0.75,0.433333,0.75,0.466667,0.75,0.5,0.75,0.533333,0.75,0.566667,0.75,0.6,0.75,0.633333,0.75,0.666667,0.75,0.7,0.75,0.733334,0.75,0.766667,0.75,0.8,0.75,0.833334,0.75,0.866667,0.75,0.9,0.75,0.933334,0.75,0.966667,0.75,1,0.75,0.033333,1,0,1,0.066667,1,0.1,1,0.133333,1,0.166667,1,0.2,1,0.233333,1,0.266667,1,0.3,1,0.333333,1,0.366667,1,0.4,1,0.433333,1,0.466667,1,0.5,1,0.533333,1,0.566667,1,0.6,1,0.633333,1,0.666667,1,0.7,1,0.733334,1,0.766667,1,0.8,1,0.833334,1,0.866667,1,0.9,1,0.933334,1,0.966667,1,1,1],"max":[1,1],"min":[0,0],"stride":2}},"surfaces":{"hooptransparentyellow":{"numPrimitives":240,