{"effects":{"cube_default":{"meta":{"normals":true},"parameters":{"diffuse":"file1","reflectivity":0.5,"shininess":6.31179},"type":"phong"}},"geometries":{"kiteMesh":{"inputs":{"NORMAL":{"offset":2,"source":"kite-Normal0"},"POSITION":{"offset":0,"source":"kite-POSITION"},"TEXCOORD0":{"offset":1,"source":"kite-UV0"}},"meta":{"graphics":true},"sources":{"kite-Normal0":{"data":[0,0,1,0,1,0,0,-1,0,0.707107,0,-0.707107,-0.707107,0,-0.707107],"max":[0.707107,1,1],"min":[-0.707107,-1,-0.707107],"stride":3},"kite-POSITION":{"data":[-100,7.5,50,-100,-7.5,50,0,7.5,50,0,-7.5,50,0,7.5,-50,0,-7.5,-50,100,-7.5,50,100,7.5,50],"max":[100,7.5,50],"min":[-100,-7.5,-50],"stride":3},"kite-UV0":{"data":[0.069504,0.187803,0.060557,0.187803,0.069504,0.247447,0.060557,0.247447,0.070493,0.247447,0.130137,0.247447,0.070493,0.187803,0.190716,0.247447,0.190716,0.187803,0.131072,0.247447,0.200597,0.307091,0.200597,0.247447,0.191651,0.247447,0.191651,0.307091,0.200597,0.187803,0.191651,0.187803,0.070493,0.307091,0.190716,0.307091,0.060557,0.307091,0.069504,0.307091],"max":[0.200597,0.307091],"min":[0.060557,0.187803],"stride":2}},"surfaces":{"cube_default":{"numPrimitives":12,"triangles":[7,16,1,4,5,1,2,4,1,2,4,1,4,5,1,0,6,1,0,0,0,1,1,0,2,2,0,1,1,0,3,3,0,2,2,0,6,18,0,2,2,0,3,3,0,2,2,0,6,18,0,7,19,0,5,11,4,1,14,4,0,15,4,0,15,4,4,12,4,5,11,4,6,10,3,5,11,3,4,12,3,4,12,3,7,13,3,6,10,3,3,7,2,1,8,2,5,9,2,5,9,2,6,17,2,3,7,2]}}}},"images":{"file1":"textures/colorswatches.dds"},"materials":{"cube_default":{"effect":"cube_default"}},"nodes":{"kite":{"geometryinstances":{"kiteMesh":{"geometry":"kiteMesh","material":"cube_default","surface":"cube_default"}},"matrix":[0.01,0,0,0,0.01,0,0,0,0.01,0,0,0]}},"version":1}
