{"effects":{"monstercolour_default":{"meta":{"normals":true},"parameters":{"diffuse":"monsterscolour_1","reflectivity":0.5,"shininess":1.73205},"type":"phong"}},"geometries":{"prototype_cube04Mesh":{"inputs":{"NORMAL":{"offset":2,"source":"prototype_cube04-Normal0"},"POSITION":{"offset":0,"source":"prototype_cube04-POSITION"},"TEXCOORD0":{"offset":1,"source":"prototype_cube04-UV0"}},"meta":{"graphics":true},"sources":{"prototype_cube04-Normal0":{"data":[0,0,1,0,1,0,0,0,-1,0,-1,0,1,0,0,-1,0,0],"max":[1,1,1],"min":[-1,-1,-1],"stride":3},"prototype_cube04-POSITION":{"data":[-50,50,50,-50,-50,50,50,50,50,50,-50,50,50,50,-50,-50,50,-50,-50,-50,-50,50,-50,-50],"max":[50,50,50],"min":[-50,-50,-50],"stride":3},"prototype_cube04-UV0":{"data":[0.22244,0.621675,0.22244,0.643895,0.244659,0.621675,0.244659,0.643895,0.267373,0.621675,0.245154,0.643895,0.267373,0.643895,0.245154,0.621675,0.263966,0.599201,0.263966,0.62142,0.286185,0.599201,0.286185,0.62142,0.241354,0.599201,0.241354,0.62142,0.263573,0.599201,0.263573,0.62142,0.22244,0.598945,0.244659,0.576726,0.22244,0.576726,0.244659,0.598945,0.245154,0.598945,0.267373,0.598945,0.267373,0.576726,0.245154,0.576726],"max":[0.286185,0.643895],"min":[0.22244,0.576726],"stride":2}},"surfaces":{"monstercolour_default":{"numPrimitives":12,"triangles":[0,0,0,1,1,0,2,2,0,1,1,0,3,3,0,2,2,0,7,19,4,4,17,4,3,16,4,3,16,4,4,17,4,2,18,4,1,12,3,6,13,3,3,14,3,6,13,3,7,15,3,3,14,3,6,8,2,5,9,2,7,10,2,5,9,2,4,11,2,7,10,2,4,4,1,5,7,1,0,5,1,4,4,1,0,5,1,2,6,1,6,20,5,1,21,5,0,22,5,0,22,5,5,23,5,6,20,5]}}}},"images":{"monsterscolour_1":"characters/textures/monsterscolour.dds"},"materials":{"monstercolour_default":{"effect":"monstercolour_default"}},"nodes":{"prototype_cube04":{"geometryinstances":{"prototype_cube04Mesh":{"geometry":"prototype_cube04Mesh","material":"monstercolour_default","surface":"monstercolour_default"}},"matrix":[0.01,0,0,0,0.01,0,0,0,0.01,0,0,0]}},"version":1}
