{"effects":{"cube_default":{"meta":{"normals":true},"parameters":{"diffuse":"file1","reflectivity":0.5,"shininess":6.31179},"type":"phong"}},"geometries":{"ring2Mesh":{"inputs":{"NORMAL":{"offset":2,"source":"ring2-Normal0"},"POSITION":{"offset":0,"source":"ring2-POSITION"},"TEXCOORD0":{"offset":1,"source":"ring2-UV0"}},"meta":{"graphics":true},"sources":{"ring2-Normal0":{"data":[-0.572061,-0.415627,0.707107,-0.672499,-0.218507,0.707107,-0.415627,-0.572061,0.707107,-0.218508,-0.672499,0.707107,0,-0.707107,0.707107,0.218508,-0.672499,0.707107,0.218508,-0.672498,0.707107,0.415627,-0.572061,0.707107,0.572062,-0.415627,0.707107,0.672499,-0.218508,0.707107,0.707107,0,0.707107,0.672499,0.218508,0.707107,0.572061,0.415627,0.707107,0.415627,0.572061,0.707107,0.415627,0.572062,0.707107,0.218508,0.672499,0.707107,0,0.707107,0.707107,-0.218508,0.672498,0.707107,-0.415627,0.572061,0.707107,-0.572061,0.415627,0.707107,-0.672499,0.218508,0.707107,-0.707107,1e-06,0.707107,0.672498,0.218507,0.707107,0.218508,0.672498,0.707107,-0.707107,0,0.707107,-0.672499,-0.218508,0.707107,-0.218508,-0.672498,0.707107,0,-0.707106,0.707107,0.572061,-0.415627,0.707107,0.672498,-0.218508,0.707107,0.707107,-1e-06,0.707107,0.572061,0.415627,-0.707107,0.672498,0.218507,-0.707107,0.415627,0.572061,-0.707107,0.218508,0.672499,-0.707107,0,0.707107,-0.707106,-0.218508,0.672499,-0.707107,-0.415627,0.572061,-0.707107,-0.572061,0.415627,-0.707107,-0.672498,0.218508,-0.707107,-0.672499,0.218508,-0.707107,-0.707107,0,-0.707107,-0.672499,-0.218508,-0.707107,-0.572061,-0.415627,-0.707107,-0.415627,-0.572061,-0.707107,-0.218508,-0.672498,-0.707107,0,-0.707107,-0.707107,0.218508,-0.672499,-0.707107,0.415627,-0.572062,-0.707107,0.415627,-0.572061,-0.707107,0.572061,-0.415627,-0.707107,0.672498,-0.218508,-0.707107,0.707107,-1e-06,-0.707107,-0.672499,-0.218507,-0.707107,0,-0.707106,-0.707107,0.218508,-0.672498,-0.707107,0.672499,-0.218508,-0.707107,0.707107,0,-0.707107,0.672498,0.218508,-0.707107,0.218508,0.672498,-0.707107,0,0.707107,-0.707107,-0.218508,0.672498,-0.707107,-0.707107,1e-06,-0.707107],"max":[0.707107,0.707107,0.707107],"min":[-0.707107,-0.707107,-0.707107],"stride":3},"ring2-POSITION":{"data":[1629.57,1175.57,194.062,1467.76,1058.01,-5.93811,1723.43,556.231,-5.93805,1913.64,618.034,194.062,1187.1,1618.03,194.062,1069.54,1456.23,-5.93811,629.565,1902.11,194.062,567.761,1711.9,-5.93811,11.5304,2000,194.062,11.5304,1800,-5.93811,-606.504,1902.11,194.062,-544.701,1711.9,-5.93811,-1164.04,1618.03,194.062,-1046.48,1456.23,-5.93811,-1606.5,1175.57,194.062,-1444.7,1058.01,-5.93811,-1890.58,618.034,194.062,-1700.37,556.231,-5.93805,-1988.47,0,194.062,-1788.47,0,-5.93806,-1890.58,-618.034,194.062,-1700.37,-556.231,-5.93805,-1606.5,-1175.57,194.062,-1444.7,-1058.01,-5.93811,-1164.04,-1618.03,194.062,-1046.48,-1456.23,-5.93811,-606.504,-1902.11,194.062,-544.7,-1711.9,-5.93811,11.5304,-2000,194.062,11.5304,-1800,-5.93811,629.564,-1902.11,194.062,567.761,-1711.9,-5.93811,1187.1,-1618.03,194.062,1069.54,-1456.23,-5.93811,1629.56,-1175.57,194.062,1467.76,-1058.01,-5.93811,1913.64,-618.034,194.062,1723.43,-556.231,-5.93805,2011.53,0,194.062,1811.53,0,-5.93806,1791.37,1293.13,-5.93811,2103.86,679.838,-5.93805,1304.66,1779.84,-5.93811,691.368,2092.33,-5.93799,11.5304,2200,-5.93799,-668.307,2092.33,-5.93799,-1281.6,1779.84,-5.93811,-1768.31,1293.13,-5.93811,-2080.79,679.838,-5.93805,-2188.47,0,-5.93808,-2080.79,-679.838,-5.93805,-1768.31,-1293.13,-5.93811,-1281.6,-1779.84,-5.93811,-668.307,-2092.32,-5.93799,11.5303,-2200,-5.93799,691.368,-2092.32,-5.93799,1304.66,-1779.84,-5.93811,1791.37,-1293.13,-5.93811,2103.85,-679.837,-5.93805,2211.53,0,-5.93808,1913.64,618.034,-205.938,1629.57,1175.57,-205.938,1187.1,1618.03,-205.938,629.565,1902.11,-205.938,11.5304,2000,-205.938,-606.504,1902.11,-205.938,-1164.04,1618.03,-205.938,-1606.5,1175.57,-205.938,-1890.58,618.034,-205.938,-1988.47,0,-205.938,-1890.58,-618.034,-205.938,-1606.5,-1175.57,-205.938,-1164.04,-1618.03,-205.938,-606.504,-1902.11,-205.938,11.5304,-2000,-205.938,629.564,-1902.11,-205.938,1187.1,-1618.03,-205.938,1629.56,-1175.57,-205.938,1913.64,-618.034,-205.938,2011.53,0,-205.938],"max":[2211.53,2200,194.062],"min":[-2188.47,-2200,-205.938],"stride":3},"ring2-UV0":{"data":[0.14874,0.677898,0.147044,0.678895,0.147044,0.683151,0.14874,0.682626,0.14874,0.674145,0.147044,0.675518,0.14874,0.671736,0.147044,0.673349,0.14874,0.670906,0.147044,0.672602,0.128062,0.670906,0.128062,0.66921,0.12282,0.67004,0.123344,0.671653,0.118092,0.672449,0.119089,0.673821,0.114339,0.676202,0.115711,0.677199,0.11193,0.68093,0.113543,0.681454,0.1111,0.686172,0.112796,0.686172,0.11193,0.691414,0.113543,0.690889,0.114339,0.696142,0.115711,0.695145,0.118092,0.699895,0.119089,0.698522,0.12282,0.702304,0.123344,0.700691,0.128062,0.703134,0.128062,0.701438,0.14874,0.704,0.147044,0.702387,0.147044,0.703134,0.14874,0.70483,0.14874,0.701591,0.147044,0.700219,0.14874,0.697838,0.147044,0.696841,0.14874,0.69311,0.147044,0.692586,0.14874,0.687868,0.147044,0.687868,0.143157,0.675205,0.141785,0.676202,0.144194,0.68093,0.145807,0.680406,0.139029,0.671077,0.138032,0.672449,0.133828,0.668426,0.133303,0.67004,0.128062,0.667513,0.122296,0.668426,0.117095,0.671077,0.112967,0.675205,0.110317,0.680406,0.109403,0.686172,0.110317,0.691938,0.112967,0.697139,0.117095,0.701267,0.122296,0.703917,0.128062,0.70483,0.133304,0.702304,0.133828,0.703917,0.138032,0.699895,0.139029,0.701267,0.143157,0.697139,0.141785,0.696142,0.145807,0.691938,0.144194,0.691414,0.14672,0.686172,0.145024,0.686172,0.393959,0.293163,0.399137,0.283001,0.395985,0.281977,0.391278,0.291215,0.385895,0.301227,0.383947,0.298546,0.374709,0.303253,0.375733,0.306405,0.364468,0.308189,0.364468,0.304875,0.354228,0.303253,0.353204,0.306405,0.34499,0.298546,0.343042,0.301227,0.334978,0.293163,0.337659,0.291215,0.3298,0.283001,0.332952,0.281977,0.328016,0.271737,0.33133,0.271737,0.332952,0.261496,0.3298,0.260472,0.337659,0.252258,0.334978,0.25031,0.34499,0.244927,0.343042,0.242246,0.353204,0.237068,0.354228,0.24022,0.364468,0.235284,0.364468,0.238598,0.374709,0.24022,0.375733,0.237068,0.383947,0.244927,0.385895,0.242246,0.391278,0.252258,0.393959,0.25031,0.395985,0.261496,0.399137,0.260472,0.397607,0.271737,0.400921,0.271737,0.392833,0.280953,0.388597,0.289267,0.381999,0.295865,0.373685,0.300102,0.364468,0.301561,0.355252,0.300102,0.346938,0.295865,0.34034,0.289267,0.336103,0.280953,0.334644,0.271737,0.336103,0.26252,0.34034,0.254206,0.346938,0.247608,0.355252,0.243372,0.364468,0.241912,0.373685,0.243372,0.381999,0.247608,0.388597,0.254206,0.392833,0.26252,0.394293,0.271737],"max":[0.400921,0.70483],"min":[0.109403,0.235284],"stride":2}},"surfaces":{"cube_default":{"numPrimitives":160,