{"effects":{"watertank":{"meta":{"normals":true},"parameters":{"diffuse":"file10","reflectivity":0.5,"shininess":300},"type":"phong"}},"geometries":{"watertanksMesh":{"inputs":{"NORMAL":{"offset":2,"source":"watertanks-Normal0"},"POSITION":{"offset":0,"source":"watertanks-POSITION"},"TEXCOORD0":{"offset":1,"source":"watertanks-UV0"}},"meta":{"graphics":true},"sources":{"watertanks-Normal0":{"data":[0,1,0],"max":[0,1,0],"min":[0,1,0],"stride":3},"watertanks-POSITION":{"data":[-177.507,0.19393,3.02114,-177.507,0.19393,-3.17688,-205.775,0.19393,3.02114,-205.775,0.19393,-3.17688,-154.195,0.19393,-5.87122,-154.195,0.19393,-12.0692,-182.464,0.19393,-5.87122,-182.464,0.19393,-12.0692,-139.261,0.19393,3.02114,-139.261,0.19393,-3.17688,-167.529,0.19393,3.02114,-167.529,0.19393,-3.17688,-153.964,0.19393,12.0274,-153.964,0.19393,5.82943,-182.232,0.19393,12.0274,-182.232,0.19393,5.82943,-143.296,0.19393,12.0274,-115.028,0.19393,12.0274,-115.028,0.19393,5.82943,-143.296,0.19393,5.82943,-143.45,0.19393,-5.53616,-115.182,0.19393,-5.53616,-115.182,0.19393,-11.7342,-143.45,0.19393,-11.7342,-90.2903,0.19393,-14.8079,-90.2903,0.19393,-20.9049,-118.559,0.19393,-14.8079,-118.559,0.19393,-20.9049,-76.2718,0.19393,-5.59466,-76.2718,0.19393,-11.6916,-104.54,0.19393,-5.59466,-104.54,0.19393,-11.6916,-104.326,0.19393,11.9267,-76.058,0.19393,11.9267,-76.058,0.19393,5.82972,-104.326,0.19393,5.82972,-128.597,0.19393,2.95233,-100.329,0.19393,2.95233,-100.329,0.19393,-3.24569,-128.597,0.19393,-3.24569,-118.766,0.19393,21.0256,-90.4976,0.19393,21.0256,-90.4976,0.19393,14.9286,-118.766,0.19393,14.9286,-62.6699,0.19393,3.33037,-62.6699,0.19393,-2.76662,-90.9381,0.19393,3.33037,-90.9381,0.19393,-2.76662],"max":[-62.6699,0.19393,21.0256],"min":[-205.775,0.19393,-20.9049],"stride":3},"watertanks-UV0":{"data":[0.746675,0.997339,0.746675,0.877418,0.629155,0.997339,0.629155,0.877418],"max":[0.746675,0.997339],"min":[0.629155,0.877418],"stride":2}},"surfaces":{"watertank":{"numPrimitives":24,"triangles":[0,0,0,1,1,0,2,2,0,1,1,0,3,3,0,2,2,0,44,0,0,45,1,0,46,2,0,45,1,0,47,3,0,46,2,0,28,0,0,29,1,0,30,2,0,29,1,0,31,3,0,30,2,0,24,0,0,25,1,0,26,2,0,25,1,0,27,3,0,26,2,0,12,0,0,13,1,0,14,2,0,13,1,0,15,3,0,14,2,0,8,0,0,9,1,0,10,2,0,9,1,0,11,3,0,10,2,0,4,0,0,5,1,0,6,2,0,5,1,0,7,3,0,6,2,0,16,2,0,17,0,0,18,1,0,18,1,0,19,3,0,16,2,0,20,2,0,21,0,0,22,1,0,22,1,0,23,3,0,20,2,0,32,2,0,33,0,0,34,1,0,34,1,0,35,3,0,32,2,0,36,2,0,37,0,0,38,1,0,38,1,0,39,3,0,36,2,0,40,2,0,41,0,0,42,1,0,42,1,0,43,3,0,40,2,0]}}}},"images":{"file10":"textures/garden_ship.dds"},"materials":{"watertank":{"effect":"watertank"}},"nodes":{"watertanks":{"geometryinstances":{"watertanksMesh":{"geometry":"watertanksMesh","material":"watertank","surface":"watertank"}}}},"version":1}
